text,label
Urgent: Your UBA account has been suspended due to BVN irregularity. Click here to verify now: zenith-bank-login.com,1
"Stanbic IBTC ALERT: DEBIT NGN201,048.00 to KELECHI NWOSU Ref: 7453966 17-07-2026 Bal: NGN1,612,613.00",0
"Debit: NGN37,555.00 | ***3864584 | 11-12-2026 | WEB/IB-TRF | Bal: NGN529,062.00",0
"Your Moniepoint account profile was modified on 27-03-2026. If you did not make this change, visit mybnk-update.top",2
"Your Fidelity Bank account profile was modified on 28-05-2026. If you did not make this change, visit mybnk-update.top",2
"Dear Customer, your BVN will be deactivated in 24 hours. Follow this link to update your details: u-b-a-portal.com",1
"Alert: Your BVN validation failed. To avoid total account restriction, update at: v-erify-bvn.ng",1
"Dear FirstBank User, suspicious transacion of NGN418,534.00 was noticed. If not you, cancel it here: tinyurl.com/bvn-update",1
Notification: Login at 02:38 on iPhone 13 from Port Harcourt. Not you? Click tinyurl.com/bvn-update,2
Notification: Login at 05:56 on Windows Desktop from Dubai. Not you? Click tinyurl.com/bvn-update,2
"Debit: USD336,511.00 | ***5054312 | 20-04-2026 | TRF-FROM | Bal: USD289,604.00",0
"Notification: Your ***2634190 was credited with NGN465,049.00 from AMINA YUSUF. Bal: NGN1,004,809.00",0
Cbn News: All BVN customers are requierd to link there NIN to avoid account closure. Click mybnk-update.top to avoid blockage.,1
"Account ***5984407 was accessed from a new device. If this was not you, please contact support or click access-secure.net",2
"Your Stanbic IBTC account profile was modified on 21-03-2026. If you did not make this change, visit gtbank-online.xyz",2
Alert: A new device Tecno Spark has been linked to your Access Bank profile. Not you? Secure account at bit.ly/bank-verify,2
"Dear Customer, your BVN will be deactivated in 24 hours. Follow this link to update your details: zenith-bank-login.com",1
"Acct: ***2844646 CREDIT: USD247,625.00 Date: 05-10-2026 Bal: USD894,855.00 USSD Transfer",0
"Notification: Your ***3194579 was credited with USD425,252.00 from AMINA YUSUF. Bal: USD1,574,122.00",0
"Debit: USD496,942.00 | ***1464823 | 19-01-2026 | WEB/IB-TRF | Bal: USD754,171.00",0
"Your Opay account profile was modified on 22-05-2026. If you did not make this change, visit bit.ly/bank-verify",2
"UBA Credit Alert: Acct: ***8714449 Amt: NGN385,745.00 Date: 08-12-2026 Bal: NGN209,998.00 Descr: Airtime Topup",0
Alert: A new device Windows Desktop has been linked to your Opay profile. Not you? Secure account at tinyurl.com/bvn-update,2
"Alert: Your BVN validation failed. To avoid total account restriction, update at: u-b-a-portal.com",1
"Zenith Bank Alert [CREDIT: USD378,835.00] 06-04-2026 ***2734764 POS/PURCHASE Bal:USD561,557.00",0
"Zenith Bank Alert [CREDIT: NGN470,601.00] 04-12-2026 ***5404967 WEB/IB-TRF Bal:NGN490,333.00",0
"Account ***1854350 was accessed from a new device. If this was not you, please contact support or click access-secure.net",2
"You have a pending refund of NGN389,652.00 from Stanbic IBTC. Provide your card details here to claim: access-secure.net",1
"Kuda ALERT: DEBIT NGN49,759.00 to AMINA YUSUF Ref: 8940658 13-07-2026 Bal: NGN1,896,371.00",0
Password change request for your GTBank mobile app received. Use code 253324 to continue.,2
"Account ***9634342 was accessed from a new device. If this was not you, please contact support or click v-erify-bvn.ng",2
"Dear Customer, your BVN will be deactivated in 24 hours. Follow this link to update your details: gtbank-online.xyz",1
"Dear customer, you won 50,000 NGN in the Zenith Bank promo. Send your OTP to 08079787094 to receive funds.",1
"Acct: ***8214427 CREDIT: NGN469,364.00 Date: 25-08-2026 Bal: NGN657,145.00 NIP-TRANSFER",0
URGENT: Your Zenith Bank acount has bin restricted due to central bank regulatons. Pls login here to verify: bit.ly/bank-verify,1
Password change request for your GTBank mobile app received. Use code 413487 to continue.,2
"Notification: Your ***8984732 was credited with NGN194,787.00 from OLAYINKA BAKARE. Bal: NGN536,380.00",0
"Alert: You recieved a reward of NGN378,835.00 from GTB. Claim within 2hrs: mybnk-update.top",1
"You have a pending refund of USD449,545.00 from Kuda. Provide your card details here to claim: mybnk-update.top",1
"Transaction Alert: CREDIT NGN460,084.00 on ***2534588 Date: 21-02-2026 Nar: Airtime Topup Bal: NGN1,822,840.00",0
"Transaction Alert: CREDIT USD492,625.00 on ***6154670 Date: 27-01-2026 Nar: USSD Transfer Bal: USD706,608.00",0
"UBA Credit Alert: Acct: ***3564573 Amt: USD415,117.00 Date: 07-02-2026 Bal: USD1,075,954.00 Descr: WEB/IB-TRF",0
"Transaction Alert: DEBIT NGN51,041.00 on ***2504628 Date: 24-04-2026 Nar: TRF-FROM Bal: NGN117,041.00",0
"Alert: You recieved a reward of NGN371,405.00 from GTB. Claim within 2hrs: u-b-a-portal.com",1
"Account ***2044609 was accessed from a new device. If this was not you, please contact support or click tinyurl.com/bvn-update",2
Cbn News: All BVN customers are requierd to link there NIN to avoid account closure. Click gtbank-online.xyz to avoid blockage.,1
"Dear Customer, your BVN will be deactivated in 24 hours. Follow this link to update your details: access-secure.net",1
Password change request for your Access Bank mobile app received. Use code 875109 to continue.,2
"Zenith Bank Alert [CREDIT: NGN290,949.00] 05-07-2026 ***7574505 WEB/IB-TRF Bal:NGN615,014.00",0
URGENT: Your Opay acount has bin restricted due to central bank regulatons. Pls login here to verify: gtbank-online.xyz,1
Notification: Login at 02:58 on MacBook Pro from USA. Not you? Click v-erify-bvn.ng,2
"Dear customer, you won 50,000 NGN in the Access Bank promo. Send your OTP to 08046133855 to receive funds.",1
"Alert: Your BVN validation failed. To avoid total account restriction, update at: gtbank-online.xyz",1
"Dear Customer, your BVN will be deactivated in 24 hours. Follow this link to update your details: bit.ly/bank-verify",1
G-T-B-A-N-K Notification: Your mobile app session is expiring. Login to stay active: tinyurl.com/bvn-update,1
"You have a pending refund of NGN54,873.00 from Zenith Bank. Provide your card details here to claim: bit.ly/bank-verify",1
Alert: A new device Tecno Spark has been linked to your GTBank profile. Not you? Secure account at mybnk-update.top,2
"Dear Zenith Bank User, suspicious transacion of NGN399,435.00 was noticed. If not you, cancel it here: gtbank-online.xyz",1
"Dear customer, you won 50,000 NGN in the Fidelity Bank promo. Send your OTP to 08035968878 to receive funds.",1
"Dear customer, you won 50,000 NGN in the Stanbic IBTC promo. Send your OTP to 08093611300 to receive funds.",1
"Acct: ***3084367 CREDIT: USD143,452.00 Date: 15-04-2026 Bal: USD618,373.00 Airtime Topup",0
Security Alert: Your Kuda internet banking password was changed from Port Harcourt. Contact us if not you.,2
"Notification: Your ***6404304 was credited with USD496,194.00 from OLAYINKA BAKARE. Bal: USD1,056,249.00",0
"UBA Credit Alert: Acct: ***7454994 Amt: USD493,149.00 Date: 22-02-2026 Bal: USD527,480.00 Descr: USSD Transfer",0
"Your Access Bank account profile was modified on 22-04-2026. If you did not make this change, visit zenith-bank-login.com",2
"You have a pending refund of NGN276,087.00 from Fidelity Bank. Provide your card details here to claim: mybnk-update.top",1
Password change request for your Access Bank mobile app received. Use code 149139 to continue.,2
"Transaction Alert: DEBIT USD161,597.00 on ***6884774 Date: 13-04-2026 Nar: ATM WDL Bal: USD1,244,402.00",0
Password change request for your GTBank mobile app received. Use code 516384 to continue.,2
Urgent: Your GTBank account has been suspended due to BVN irregularity. Click here to verify now: access-secure.net,1
"You have a pending refund of USD338,178.00 from Access Bank. Provide your card details here to claim: mybnk-update.top",1
Password change request for your UBA mobile app received. Use code 172365 to continue.,2
"Transaction Alert: CREDIT USD491,873.00 on ***6054520 Date: 26-06-2026 Nar: USSD Transfer Bal: USD619,279.00",0
"Debit: NGN482,763.00 | ***1134484 | 06-08-2026 | WEB/IB-TRF | Bal: NGN1,794,844.00",0
"Account ***1074362 was accessed from a new device. If this was not you, please contact support or click v-erify-bvn.ng",2
"Zenith Bank Alert [CREDIT: NGN59,601.00] 23-02-2026 ***9054504 Airtime Topup Bal:NGN1,562,557.00",0
"Your Moniepoint account profile was modified on 19-11-2026. If you did not make this change, visit mybnk-update.top",2
Password change request for your UBA mobile app received. Use code 773313 to continue.,2
URGENT: Your UBA acount has bin restricted due to central bank regulatons. Pls login here to verify: v-erify-bvn.ng,1
Urgent: Your Opay account has been suspended due to BVN irregularity. Click here to verify now: access-secure.net,1
G-T-B-A-N-K Notification: Your mobile app session is expiring. Login to stay active: mybnk-update.top,1
"Transaction Alert: DEBIT USD159,252.00 on ***1974708 Date: 23-09-2026 Nar: ATM WDL Bal: USD289,250.00",0
Notification: Login at 11:17 on Tecno Spark from Lagos. Not you? Click access-secure.net,2
Suspicious activity detected on your Opay account. Your ATM has been blocked. Call 08046503809 to reactivate.,1
Notification: Login at 20:17 on Infinix Hot 10 from London. Not you? Click zenith-bank-login.com,2
"Dear FirstBank User, suspicious transacion of USD2,638.00 was noticed. If not you, cancel it here: u-b-a-portal.com",1
"Alert: You recieved a reward of NGN153,283.00 from GTB. Claim within 2hrs: v-erify-bvn.ng",1
"UBA Credit Alert: Acct: ***2544378 Amt: USD55,446.00 Date: 23-01-2026 Bal: USD353,590.00 Descr: ATM WDL",0
"Dear customer, you won 50,000 NGN in the Access Bank promo. Send your OTP to 08055876353 to receive funds.",1
Urgent: Your Opay account has been suspended due to BVN irregularity. Click here to verify now: tinyurl.com/bvn-update,1
"Account ***2404679 was accessed from a new device. If this was not you, please contact support or click bit.ly/bank-verify",2
URGENT: Your UBA acount has bin restricted due to central bank regulatons. Pls login here to verify: mybnk-update.top,1
Security Alert: Your GTBank internet banking password was changed from Abuja. Contact us if not you.,2
"Alert: Your BVN validation failed. To avoid total account restriction, update at: bit.ly/bank-verify",1
"Account ***3794467 was accessed from a new device. If this was not you, please contact support or click mybnk-update.top",2
"Transaction Alert: DEBIT USD313,587.00 on ***6874489 Date: 20-07-2026 Nar: Airtime Topup Bal: USD645,942.00",0
"Account ***2554600 was accessed from a new device. If this was not you, please contact support or click mybnk-update.top",2
"Your UBA account profile was modified on 06-11-2026. If you did not make this change, visit tinyurl.com/bvn-update",2
Cbn News: All BVN customers are requierd to link there NIN to avoid account closure. Click zenith-bank-login.com to avoid blockage.,1
"Account ***4074818 was accessed from a new device. If this was not you, please contact support or click mybnk-update.top",2
Urgent: Your GTBank account has been suspended due to BVN irregularity. Click here to verify now: gtbank-online.xyz,1
G-T-B-A-N-K Notification: Your mobile app session is expiring. Login to stay active: zenith-bank-login.com,1
"UBA Credit Alert: Acct: ***2074222 Amt: NGN466,965.00 Date: 04-10-2026 Bal: NGN968,710.00 Descr: ATM WDL",0
"Transaction Alert: CREDIT NGN473,487.00 on ***2854388 Date: 03-04-2026 Nar: Airtime Topup Bal: NGN935,910.00",0
"Acct: ***3064870 DEBIT: NGN158,375.00 Date: 13-07-2026 Bal: NGN1,280,923.00 WEB/IB-TRF",0
"Account ***7004662 was accessed from a new device. If this was not you, please contact support or click bit.ly/bank-verify",2
"FirstBank ALERT: CREDIT USD271,100.00 to CHUKWUMA OKORO Ref: 4159283 10-08-2026 Bal: USD1,728,559.00",0
"Your Stanbic IBTC account profile was modified on 04-11-2026. If you did not make this change, visit tinyurl.com/bvn-update",2
"Account ***6744606 was accessed from a new device. If this was not you, please contact support or click tinyurl.com/bvn-update",2
"Zenith Bank Alert [CREDIT: USD331,443.00] 06-08-2026 ***9604998 ATM WDL Bal:USD1,023,213.00",0
"UBA Credit Alert: Acct: ***6174863 Amt: NGN187,737.00 Date: 09-10-2026 Bal: NGN954,947.00 Descr: NIP-TRANSFER",0
"Dear Customer, your BVN will be deactivated in 24 hours. Follow this link to update your details: u-b-a-portal.com",1
Notification: Login at 12:27 on Tecno Spark from Port Harcourt. Not you? Click v-erify-bvn.ng,2
Urgent: Your Fidelity Bank account has been suspended due to BVN irregularity. Click here to verify now: gtbank-online.xyz,1
G-T-B-A-N-K Notification: Your mobile app session is expiring. Login to stay active: tinyurl.com/bvn-update,1
"UBA Credit Alert: Acct: ***4624240 Amt: NGN165,383.00 Date: 21-10-2026 Bal: NGN1,362,581.00 Descr: ATM WDL",0
G-T-B-A-N-K Notification: Your mobile app session is expiring. Login to stay active: gtbank-online.xyz,1
"Alert: Your BVN validation failed. To avoid total account restriction, update at: mybnk-update.top",1
"Dear Kuda User, suspicious transacion of USD88,975.00 was noticed. If not you, cancel it here: zenith-bank-login.com",1
Alert: A new device iPhone 13 has been linked to your Stanbic IBTC profile. Not you? Secure account at mybnk-update.top,2
Alert: A new device Infinix Hot 10 has been linked to your UBA profile. Not you? Secure account at mybnk-update.top,2
"UBA ALERT: DEBIT NGN484,617.00 to AMINA YUSUF Ref: 2696192 26-07-2026 Bal: NGN738,670.00",0
"Dear customer, you won 50,000 NGN in the Fidelity Bank promo. Send your OTP to 08084460433 to receive funds.",1
"Acct: ***4534604 CREDIT: NGN313,718.00 Date: 28-01-2026 Bal: NGN1,431,007.00 Airtime Topup",0
"Dear customer, you won 50,000 NGN in the Moniepoint promo. Send your OTP to 08023709603 to receive funds.",1
G-T-B-A-N-K Notification: Your mobile app session is expiring. Login to stay active: access-secure.net,1
"Dear Customer, your BVN will be deactivated in 24 hours. Follow this link to update your details: bit.ly/bank-verify",1
"UBA Credit Alert: Acct: ***6664531 Amt: USD383,623.00 Date: 24-12-2026 Bal: USD1,460,921.00 Descr: Airtime Topup",0
"Debit: USD179,852.00 | ***7754250 | 01-02-2026 | POS/PURCHASE | Bal: USD1,941,315.00",0
"Acct: ***1274282 CREDIT: NGN180,673.00 Date: 05-07-2026 Bal: NGN1,786,359.00 POS/PURCHASE",0
"Zenith Bank Alert [CREDIT: USD325,167.00] 22-05-2026 ***9154132 WEB/IB-TRF Bal:USD580,330.00",0
"UBA Credit Alert: Acct: ***8754538 Amt: NGN128,073.00 Date: 22-11-2026 Bal: NGN1,430,233.00 Descr: USSD Transfer",0
Password change request for your FirstBank mobile app received. Use code 659445 to continue.,2
Notification: Login at 08:55 on Samsung S21 from Dubai. Not you? Click access-secure.net,2
"Your Fidelity Bank account profile was modified on 10-04-2026. If you did not make this change, visit tinyurl.com/bvn-update",2
Alert: A new device Windows Desktop has been linked to your Opay profile. Not you? Secure account at zenith-bank-login.com,2
URGENT: Your Access Bank acount has bin restricted due to central bank regulatons. Pls login here to verify: v-erify-bvn.ng,1
"Access Bank ALERT: CREDIT NGN104,469.00 to AMINA YUSUF Ref: 8566119 26-06-2026 Bal: NGN776,895.00",0
Password change request for your Zenith Bank mobile app received. Use code 709157 to continue.,2
"Dear customer, you won 50,000 NGN in the Stanbic IBTC promo. Send your OTP to 08025019102 to receive funds.",1
Urgent: Your Moniepoint account has been suspended due to BVN irregularity. Click here to verify now: tinyurl.com/bvn-update,1
"Alert: Your BVN validation failed. To avoid total account restriction, update at: gtbank-online.xyz",1
"Zenith Bank Alert [CREDIT: USD67,160.00] 25-12-2026 ***5384110 TRF-FROM Bal:USD1,642,267.00",0
Security Alert: Your Moniepoint internet banking password was changed from Port Harcourt. Contact us if not you.,2
"You have a pending refund of USD247,387.00 from Fidelity Bank. Provide your card details here to claim: zenith-bank-login.com",1
"UBA Credit Alert: Acct: ***7654761 Amt: USD211,136.00 Date: 13-07-2026 Bal: USD1,682,140.00 Descr: POS/PURCHASE",0
"You have a pending refund of NGN13,424.00 from GTBank. Provide your card details here to claim: tinyurl.com/bvn-update",1
Alert: A new device Windows Desktop has been linked to your UBA profile. Not you? Secure account at gtbank-online.xyz,2
G-T-B-A-N-K Notification: Your mobile app session is expiring. Login to stay active: zenith-bank-login.com,1
"Your Zenith Bank account profile was modified on 19-05-2026. If you did not make this change, visit zenith-bank-login.com",2
G-T-B-A-N-K Notification: Your mobile app session is expiring. Login to stay active: zenith-bank-login.com,1
"Dear FirstBank User, suspicious transacion of NGN392,798.00 was noticed. If not you, cancel it here: bit.ly/bank-verify",1
URGENT: Your GTBank acount has bin restricted due to central bank regulatons. Pls login here to verify: u-b-a-portal.com,1
"UBA Credit Alert: Acct: ***2104388 Amt: USD446,502.00 Date: 11-11-2026 Bal: USD1,160,505.00 Descr: TRF-FROM",0
"UBA Credit Alert: Acct: ***4354965 Amt: NGN144,246.00 Date: 22-11-2026 Bal: NGN370,317.00 Descr: TRF-FROM",0
"UBA Credit Alert: Acct: ***5634540 Amt: NGN455,902.00 Date: 21-10-2026 Bal: NGN1,737,233.00 Descr: USSD Transfer",0
"Your Moniepoint account profile was modified on 25-07-2026. If you did not make this change, visit access-secure.net",2
"Account ***5254887 was accessed from a new device. If this was not you, please contact support or click tinyurl.com/bvn-update",2
Security Alert: Your FirstBank internet banking password was changed from Abuja. Contact us if not you.,2
"UBA Credit Alert: Acct: ***9664560 Amt: USD330,728.00 Date: 25-09-2026 Bal: USD1,262,175.00 Descr: Airtime Topup",0
Suspicious activity detected on your Zenith Bank account. Your ATM has been blocked. Call 08075674003 to reactivate.,1
Notification: Login at 21:09 on MacBook Pro from Lagos. Not you? Click gtbank-online.xyz,2
"Alert: Your BVN validation failed. To avoid total account restriction, update at: gtbank-online.xyz",1
Alert: A new device Tecno Spark has been linked to your Opay profile. Not you? Secure account at access-secure.net,2
"Account ***2354584 was accessed from a new device. If this was not you, please contact support or click access-secure.net",2
"Account ***8574274 was accessed from a new device. If this was not you, please contact support or click access-secure.net",2
Alert: A new device Infinix Hot 10 has been linked to your GTBank profile. Not you? Secure account at v-erify-bvn.ng,2
"UBA Credit Alert: Acct: ***9974628 Amt: NGN196,159.00 Date: 08-10-2026 Bal: NGN1,529,332.00 Descr: WEB/IB-TRF",0
"Zenith Bank Alert [CREDIT: USD43,775.00] 02-12-2026 ***3844124 Airtime Topup Bal:USD1,319,824.00",0
"Your Opay account profile was modified on 24-08-2026. If you did not make this change, visit v-erify-bvn.ng",2
"Transaction Alert: CREDIT NGN482,488.00 on ***7634829 Date: 15-03-2026 Nar: WEB/IB-TRF Bal: NGN1,558,602.00",0
Password change request for your FirstBank mobile app received. Use code 591031 to continue.,2
"Transaction Alert: CREDIT NGN11,265.00 on ***4534395 Date: 11-04-2026 Nar: USSD Transfer Bal: NGN299,609.00",0
Notification: Login at 08:21 on Windows Desktop from Abuja. Not you? Click bit.ly/bank-verify,2
"UBA Credit Alert: Acct: ***1814881 Amt: NGN385,402.00 Date: 28-11-2026 Bal: NGN1,671,210.00 Descr: TRF-FROM",0
URGENT: Your Opay acount has bin restricted due to central bank regulatons. Pls login here to verify: tinyurl.com/bvn-update,1
"Zenith Bank ALERT: DEBIT USD255,983.00 to KELECHI NWOSU Ref: 9529534 28-05-2026 Bal: USD698,753.00",0
"Dear Customer, your BVN will be deactivated in 24 hours. Follow this link to update your details: v-erify-bvn.ng",1
"Zenith Bank Alert [CREDIT: NGN343,568.00] 08-06-2026 ***9654443 Airtime Topup Bal:NGN1,391,000.00",0
"Account ***2354543 was accessed from a new device. If this was not you, please contact support or click u-b-a-portal.com",2
Password change request for your Fidelity Bank mobile app received. Use code 926947 to continue.,2
"Notification: Your ***5704167 was credited with NGN99,378.00 from KELECHI NWOSU. Bal: NGN1,045,149.00",0
"You have a pending refund of USD384,948.00 from Access Bank. Provide your card details here to claim: zenith-bank-login.com",1
"Dear FirstBank User, suspicious transacion of NGN93,769.00 was noticed. If not you, cancel it here: zenith-bank-login.com",1
Password change request for your UBA mobile app received. Use code 803349 to continue.,2
"Opay ALERT: DEBIT USD206,131.00 to MUSA BELLO Ref: 2495011 15-12-2026 Bal: USD1,972,553.00",0
"Dear FirstBank User, suspicious transacion of NGN495,533.00 was noticed. If not you, cancel it here: mybnk-update.top",1
"UBA Credit Alert: Acct: ***2664232 Amt: USD224,692.00 Date: 20-07-2026 Bal: USD1,028,162.00 Descr: ATM WDL",0
"Dear customer, you won 50,000 NGN in the Stanbic IBTC promo. Send your OTP to 08026720838 to receive funds.",1
Cbn News: All BVN customers are requierd to link there NIN to avoid account closure. Click bit.ly/bank-verify to avoid blockage.,1
"Zenith Bank Alert [CREDIT: NGN442,788.00] 14-10-2026 ***2014762 Airtime Topup Bal:NGN169,271.00",0
"Transaction Alert: CREDIT NGN347,986.00 on ***2104900 Date: 27-03-2026 Nar: USSD Transfer Bal: NGN1,766,995.00",0
G-T-B-A-N-K Notification: Your mobile app session is expiring. Login to stay active: access-secure.net,1
"You have a pending refund of USD372,874.00 from Moniepoint. Provide your card details here to claim: access-secure.net",1
Notification: Login at 23:51 on iPhone 13 from London. Not you? Click access-secure.net,2
Urgent: Your Opay account has been suspended due to BVN irregularity. Click here to verify now: v-erify-bvn.ng,1
"Alert: Your BVN validation failed. To avoid total account restriction, update at: gtbank-online.xyz",1
"Acct: ***5974958 CREDIT: USD287,478.00 Date: 10-12-2026 Bal: USD972,641.00 TRF-FROM",0
Alert: A new device Windows Desktop has been linked to your Opay profile. Not you? Secure account at bit.ly/bank-verify,2
"Transaction Alert: CREDIT NGN108,512.00 on ***3474740 Date: 19-05-2026 Nar: ATM WDL Bal: NGN570,166.00",0
"Zenith Bank Alert [CREDIT: USD154,184.00] 12-10-2026 ***1084973 Airtime Topup Bal:USD911,935.00",0
Suspicious activity detected on your FirstBank account. Your ATM has been blocked. Call 08083987347 to reactivate.,1
"FirstBank ALERT: CREDIT USD341,747.00 to CHUKWUMA OKORO Ref: 1150623 05-11-2026 Bal: USD488,963.00",0
Notification: Login at 12:45 on MacBook Pro from London. Not you? Click gtbank-online.xyz,2
"You have a pending refund of USD342,880.00 from FirstBank. Provide your card details here to claim: zenith-bank-login.com",1
"Acct: ***4624697 CREDIT: USD337,054.00 Date: 13-09-2026 Bal: USD208,498.00 USSD Transfer",0
"Alert: Your BVN validation failed. To avoid total account restriction, update at: mybnk-update.top",1
"Stanbic IBTC ALERT: CREDIT USD47,674.00 to CHUKWUMA OKORO Ref: 4919598 15-08-2026 Bal: USD1,173,503.00",0
"Transaction Alert: DEBIT USD328,992.00 on ***9024750 Date: 16-07-2026 Nar: ATM WDL Bal: USD784,215.00",0
Notification: Login at 13:11 on iPhone 13 from Lagos. Not you? Click tinyurl.com/bvn-update,2
Security Alert: Your Access Bank internet banking password was changed from Lekki. Contact us if not you.,2
Cbn News: All BVN customers are requierd to link there NIN to avoid account closure. Click v-erify-bvn.ng to avoid blockage.,1
Suspicious activity detected on your Fidelity Bank account. Your ATM has been blocked. Call 08010647906 to reactivate.,1
Password change request for your Zenith Bank mobile app received. Use code 392140 to continue.,2
"Zenith Bank Alert [CREDIT: USD426,605.00] 28-04-2026 ***6344756 ATM WDL Bal:USD1,327,232.00",0
Cbn News: All BVN customers are requierd to link there NIN to avoid account closure. Click access-secure.net to avoid blockage.,1
Cbn News: All BVN customers are requierd to link there NIN to avoid account closure. Click mybnk-update.top to avoid blockage.,1
"Alert: Your BVN validation failed. To avoid total account restriction, update at: tinyurl.com/bvn-update",1
"Dear Customer, your BVN will be deactivated in 24 hours. Follow this link to update your details: tinyurl.com/bvn-update",1
"Alert: Your BVN validation failed. To avoid total account restriction, update at: bit.ly/bank-verify",1
"Acct: ***3714868 CREDIT: NGN94,036.00 Date: 08-07-2026 Bal: NGN1,327,469.00 Airtime Topup",0
"Notification: Your ***3254666 was credited with USD389,943.00 from MUSA BELLO. Bal: USD793,256.00",0
Alert: A new device Infinix Hot 10 has been linked to your Opay profile. Not you? Secure account at u-b-a-portal.com,2
"Notification: Your ***9904550 was credited with USD470,091.00 from MUSA BELLO. Bal: USD123,026.00",0
"Dear Stanbic IBTC User, suspicious transacion of NGN198,154.00 was noticed. If not you, cancel it here: access-secure.net",1
Suspicious activity detected on your Stanbic IBTC account. Your ATM has been blocked. Call 08089855372 to reactivate.,1
Security Alert: Your FirstBank internet banking password was changed from USA. Contact us if not you.,2
"Debit: USD6,455.00 | ***7294699 | 23-07-2026 | WEB/IB-TRF | Bal: USD1,064,492.00",0
"Debit: USD165,868.00 | ***3394778 | 26-08-2026 | POS/PURCHASE | Bal: USD128,129.00",0
"You have a pending refund of USD97,002.00 from FirstBank. Provide your card details here to claim: gtbank-online.xyz",1
Security Alert: Your Kuda internet banking password was changed from London. Contact us if not you.,2
Password change request for your GTBank mobile app received. Use code 975675 to continue.,2
Notification: Login at 11:49 on Windows Desktop from USA. Not you? Click u-b-a-portal.com,2
"FirstBank ALERT: DEBIT NGN344,472.00 to MUSA BELLO Ref: 1420560 13-06-2026 Bal: NGN217,776.00",0
"Notification: Your ***9894778 was credited with USD23,197.00 from MUSA BELLO. Bal: USD698,753.00",0
"Notification: Your ***7064225 was credited with NGN137,496.00 from OLAYINKA BAKARE. Bal: NGN1,185,676.00",0
"Dear customer, you won 50,000 NGN in the Opay promo. Send your OTP to 08023125165 to receive funds.",1
Password change request for your UBA mobile app received. Use code 493913 to continue.,2
"Acct: ***2354789 DEBIT: NGN11,819.00 Date: 07-01-2026 Bal: NGN1,046,677.00 USSD Transfer",0
Suspicious activity detected on your Zenith Bank account. Your ATM has been blocked. Call 08020337961 to reactivate.,1
"Notification: Your ***5434312 was credited with USD126,505.00 from AMINA YUSUF. Bal: USD1,275,099.00",0
"Acct: ***7054195 CREDIT: USD318,695.00 Date: 02-03-2026 Bal: USD684,313.00 USSD Transfer",0
"Alert: You recieved a reward of NGN166,372.00 from GTB. Claim within 2hrs: bit.ly/bank-verify",1
Password change request for your Access Bank mobile app received. Use code 307480 to continue.,2
"Transaction Alert: DEBIT NGN206,294.00 on ***3324286 Date: 20-01-2026 Nar: USSD Transfer Bal: NGN1,345,747.00",0
"Notification: Your ***1354619 was credited with USD179,077.00 from AMINA YUSUF. Bal: USD217,019.00",0
"Your Fidelity Bank account profile was modified on 16-06-2026. If you did not make this change, visit gtbank-online.xyz",2
Password change request for your Zenith Bank mobile app received. Use code 445906 to continue.,2
Password change request for your GTBank mobile app received. Use code 183269 to continue.,2
"Your Kuda account profile was modified on 10-02-2026. If you did not make this change, visit v-erify-bvn.ng",2
"Debit: NGN128,011.00 | ***3574811 | 04-08-2026 | POS/PURCHASE | Bal: NGN86,005.00",0
"Account ***3584977 was accessed from a new device. If this was not you, please contact support or click gtbank-online.xyz",2
"Alert: Your BVN validation failed. To avoid total account restriction, update at: zenith-bank-login.com",1
URGENT: Your Access Bank acount has bin restricted due to central bank regulatons. Pls login here to verify: v-erify-bvn.ng,1
"Dear customer, you won 50,000 NGN in the Stanbic IBTC promo. Send your OTP to 08089424893 to receive funds.",1
Cbn News: All BVN customers are requierd to link there NIN to avoid account closure. Click tinyurl.com/bvn-update to avoid blockage.,1
Suspicious activity detected on your Kuda account. Your ATM has been blocked. Call 08039616897 to reactivate.,1
"Debit: NGN162,589.00 | ***5554265 | 22-08-2026 | ATM WDL | Bal: NGN1,832,102.00",0
"Zenith Bank Alert [CREDIT: NGN166,620.00] 07-04-2026 ***4084388 POS/PURCHASE Bal:NGN1,646,367.00",0
Alert: A new device Tecno Spark has been linked to your Fidelity Bank profile. Not you? Secure account at gtbank-online.xyz,2
"Dear Access Bank User, suspicious transacion of USD237,260.00 was noticed. If not you, cancel it here: v-erify-bvn.ng",1
"Transaction Alert: CREDIT NGN451,054.00 on ***4564630 Date: 10-03-2026 Nar: WEB/IB-TRF Bal: NGN1,583,275.00",0
"Alert: You recieved a reward of USD98,296.00 from GTB. Claim within 2hrs: bit.ly/bank-verify",1
"Zenith Bank Alert [CREDIT: USD322,269.00] 13-01-2026 ***8634698 POS/PURCHASE Bal:USD908,467.00",0
G-T-B-A-N-K Notification: Your mobile app session is expiring. Login to stay active: tinyurl.com/bvn-update,1
G-T-B-A-N-K Notification: Your mobile app session is expiring. Login to stay active: access-secure.net,1
G-T-B-A-N-K Notification: Your mobile app session is expiring. Login to stay active: u-b-a-portal.com,1
"Dear Customer, your BVN will be deactivated in 24 hours. Follow this link to update your details: zenith-bank-login.com",1
"Zenith Bank ALERT: DEBIT USD341,007.00 to CHUKWUMA OKORO Ref: 2871504 04-07-2026 Bal: USD173,595.00",0
"Your FirstBank account profile was modified on 16-05-2026. If you did not make this change, visit v-erify-bvn.ng",2
"Alert: Your BVN validation failed. To avoid total account restriction, update at: mybnk-update.top",1
Notification: Login at 14:04 on Tecno Spark from Abuja. Not you? Click bit.ly/bank-verify,2
"Debit: NGN337,076.00 | ***5074761 | 26-08-2026 | WEB/IB-TRF | Bal: NGN334,252.00",0
"Dear Customer, your BVN will be deactivated in 24 hours. Follow this link to update your details: zenith-bank-login.com",1
"Acct: ***6174670 DEBIT: NGN482,063.00 Date: 17-01-2026 Bal: NGN682,269.00 Airtime Topup",0
"Zenith Bank Alert [CREDIT: USD137,722.00] 06-02-2026 ***3454175 Airtime Topup Bal:USD1,390,423.00",0
"Zenith Bank Alert [CREDIT: USD493,489.00] 11-04-2026 ***2434473 WEB/IB-TRF Bal:USD1,907,604.00",0
"Acct: ***3024543 DEBIT: NGN111,854.00 Date: 16-03-2026 Bal: NGN1,770,510.00 Airtime Topup",0
"Zenith Bank Alert [CREDIT: NGN72,320.00] 17-05-2026 ***9784953 TRF-FROM Bal:NGN1,583,900.00",0
"Dear Customer, your BVN will be deactivated in 24 hours. Follow this link to update your details: v-erify-bvn.ng",1
"UBA Credit Alert: Acct: ***8344258 Amt: NGN378,191.00 Date: 26-10-2026 Bal: NGN10,211.00 Descr: TRF-FROM",0
"Debit: NGN39,446.00 | ***7234986 | 19-10-2026 | ATM WDL | Bal: NGN663,892.00",0
"Opay ALERT: CREDIT NGN194,368.00 to AMINA YUSUF Ref: 8455401 23-08-2026 Bal: NGN484,410.00",0
"Acct: ***9714765 DEBIT: USD23,000.00 Date: 04-10-2026 Bal: USD737,800.00 NIP-TRANSFER",0
"Your Access Bank account profile was modified on 13-05-2026. If you did not make this change, visit access-secure.net",2
Alert: A new device Windows Desktop has been linked to your Kuda profile. Not you? Secure account at access-secure.net,2
Cbn News: All BVN customers are requierd to link there NIN to avoid account closure. Click access-secure.net to avoid blockage.,1
"Notification: Your ***7804889 was credited with NGN276,239.00 from KELECHI NWOSU. Bal: NGN1,241,320.00",0
"You have a pending refund of USD399,256.00 from Fidelity Bank. Provide your card details here to claim: u-b-a-portal.com",1
"Zenith Bank Alert [CREDIT: NGN167,776.00] 19-03-2026 ***3774983 NIP-TRANSFER Bal:NGN1,331,032.00",0
Cbn News: All BVN customers are requierd to link there NIN to avoid account closure. Click access-secure.net to avoid blockage.,1
"Acct: ***8024745 CREDIT: USD33,096.00 Date: 25-04-2026 Bal: USD323,296.00 WEB/IB-TRF",0
"Account ***3354935 was accessed from a new device. If this was not you, please contact support or click mybnk-update.top",2
"Your UBA account profile was modified on 25-03-2026. If you did not make this change, visit u-b-a-portal.com",2
"Dear Customer, your BVN will be deactivated in 24 hours. Follow this link to update your details: mybnk-update.top",1
"Dear customer, you won 50,000 NGN in the UBA promo. Send your OTP to 08057975000 to receive funds.",1
"Alert: You recieved a reward of USD155,419.00 from GTB. Claim within 2hrs: access-secure.net",1
"Dear Customer, your BVN will be deactivated in 24 hours. Follow this link to update your details: zenith-bank-login.com",1
URGENT: Your Kuda acount has bin restricted due to central bank regulatons. Pls login here to verify: v-erify-bvn.ng,1
"Zenith Bank Alert [CREDIT: NGN150,972.00] 13-09-2026 ***2854708 ATM WDL Bal:NGN1,885,138.00",0
"UBA Credit Alert: Acct: ***7114120 Amt: NGN309,962.00 Date: 03-09-2026 Bal: NGN1,680,931.00 Descr: WEB/IB-TRF",0
G-T-B-A-N-K Notification: Your mobile app session is expiring. Login to stay active: mybnk-update.top,1
"Account ***5074383 was accessed from a new device. If this was not you, please contact support or click access-secure.net",2
Security Alert: Your Access Bank internet banking password was changed from London. Contact us if not you.,2
"UBA Credit Alert: Acct: ***5944967 Amt: NGN10,330.00 Date: 03-08-2026 Bal: NGN656,404.00 Descr: WEB/IB-TRF",0
Notification: Login at 16:30 on Infinix Hot 10 from Port Harcourt. Not you? Click mybnk-update.top,2
"Account ***6324804 was accessed from a new device. If this was not you, please contact support or click zenith-bank-login.com",2
"Dear Customer, your BVN will be deactivated in 24 hours. Follow this link to update your details: gtbank-online.xyz",1
G-T-B-A-N-K Notification: Your mobile app session is expiring. Login to stay active: v-erify-bvn.ng,1
"Debit: NGN136,456.00 | ***8074808 | 07-06-2026 | ATM WDL | Bal: NGN1,549,370.00",0
"UBA Credit Alert: Acct: ***3604972 Amt: NGN298,766.00 Date: 10-04-2026 Bal: NGN1,215,174.00 Descr: WEB/IB-TRF",0
"Alert: You recieved a reward of NGN18,182.00 from GTB. Claim within 2hrs: u-b-a-portal.com",1
"UBA Credit Alert: Acct: ***7634701 Amt: NGN423,604.00 Date: 14-08-2026 Bal: NGN1,731,240.00 Descr: NIP-TRANSFER",0
Alert: A new device iPhone 13 has been linked to your Kuda profile. Not you? Secure account at bit.ly/bank-verify,2
Security Alert: Your Stanbic IBTC internet banking password was changed from London. Contact us if not you.,2
"Opay ALERT: DEBIT USD40,707.00 to OLAYINKA BAKARE Ref: 8242827 08-02-2026 Bal: USD234,859.00",0
"Transaction Alert: CREDIT USD393,038.00 on ***3584578 Date: 14-05-2026 Nar: WEB/IB-TRF Bal: USD1,897,851.00",0
"Dear Customer, your BVN will be deactivated in 24 hours. Follow this link to update your details: zenith-bank-login.com",1
Alert: A new device iPhone 13 has been linked to your UBA profile. Not you? Secure account at v-erify-bvn.ng,2
"UBA Credit Alert: Acct: ***3654706 Amt: USD7,855.00 Date: 26-12-2026 Bal: USD314,622.00 Descr: ATM WDL",0
Security Alert: Your FirstBank internet banking password was changed from Dubai. Contact us if not you.,2
"You have a pending refund of NGN476,073.00 from Access Bank. Provide your card details here to claim: mybnk-update.top",1
"Transaction Alert: DEBIT NGN62,887.00 on ***9094777 Date: 11-05-2026 Nar: WEB/IB-TRF Bal: NGN499,965.00",0
"Account ***8874843 was accessed from a new device. If this was not you, please contact support or click u-b-a-portal.com",2
"Account ***5684836 was accessed from a new device. If this was not you, please contact support or click zenith-bank-login.com",2
Cbn News: All BVN customers are requierd to link there NIN to avoid account closure. Click gtbank-online.xyz to avoid blockage.,1
"Zenith Bank Alert [CREDIT: USD153,710.00] 08-01-2026 ***6474760 TRF-FROM Bal:USD449,483.00",0
"UBA Credit Alert: Acct: ***2234643 Amt: NGN63,483.00 Date: 24-07-2026 Bal: NGN1,005,564.00 Descr: USSD Transfer",0
"Notification: Your ***9374382 was credited with USD151,963.00 from CHUKWUMA OKORO. Bal: USD155,468.00",0
Security Alert: Your GTBank internet banking password was changed from Abuja. Contact us if not you.,2
Password change request for your FirstBank mobile app received. Use code 322076 to continue.,2
Security Alert: Your Opay internet banking password was changed from Lagos. Contact us if not you.,2
Password change request for your Opay mobile app received. Use code 137483 to continue.,2
"Account ***3044207 was accessed from a new device. If this was not you, please contact support or click bit.ly/bank-verify",2
Password change request for your Kuda mobile app received. Use code 167294 to continue.,2
"Account ***6884557 was accessed from a new device. If this was not you, please contact support or click mybnk-update.top",2
Alert: A new device Infinix Hot 10 has been linked to your Access Bank profile. Not you? Secure account at mybnk-update.top,2
"Transaction Alert: DEBIT USD430,743.00 on ***1874111 Date: 15-06-2026 Nar: ATM WDL Bal: USD1,279,576.00",0
"Dear Kuda User, suspicious transacion of USD392,940.00 was noticed. If not you, cancel it here: zenith-bank-login.com",1
"Alert: You recieved a reward of USD17,318.00 from GTB. Claim within 2hrs: bit.ly/bank-verify",1
"Account ***7484980 was accessed from a new device. If this was not you, please contact support or click v-erify-bvn.ng",2
Notification: Login at 08:38 on iPhone 13 from USA. Not you? Click tinyurl.com/bvn-update,2
"Alert: Your BVN validation failed. To avoid total account restriction, update at: zenith-bank-login.com",1
Security Alert: Your Kuda internet banking password was changed from Lagos. Contact us if not you.,2
"Notification: Your ***7384260 was credited with USD58,514.00 from KELECHI NWOSU. Bal: USD1,222,685.00",0
Cbn News: All BVN customers are requierd to link there NIN to avoid account closure. Click v-erify-bvn.ng to avoid blockage.,1
"Moniepoint ALERT: DEBIT NGN292,392.00 to KELECHI NWOSU Ref: 5279459 23-01-2026 Bal: NGN867,284.00",0
"Account ***3104143 was accessed from a new device. If this was not you, please contact support or click u-b-a-portal.com",2
Alert: A new device Infinix Hot 10 has been linked to your GTBank profile. Not you? Secure account at mybnk-update.top,2
"Your Moniepoint account profile was modified on 17-02-2026. If you did not make this change, visit u-b-a-portal.com",2
"UBA Credit Alert: Acct: ***8484538 Amt: NGN138,641.00 Date: 16-03-2026 Bal: NGN1,591,450.00 Descr: USSD Transfer",0
"Alert: You recieved a reward of USD374,867.00 from GTB. Claim within 2hrs: tinyurl.com/bvn-update",1
Password change request for your Opay mobile app received. Use code 472274 to continue.,2
Cbn News: All BVN customers are requierd to link there NIN to avoid account closure. Click v-erify-bvn.ng to avoid blockage.,1
"Acct: ***7624688 CREDIT: NGN37,677.00 Date: 07-09-2026 Bal: NGN510,244.00 POS/PURCHASE",0
G-T-B-A-N-K Notification: Your mobile app session is expiring. Login to stay active: gtbank-online.xyz,1
"Your Fidelity Bank account profile was modified on 27-04-2026. If you did not make this change, visit zenith-bank-login.com",2
Cbn News: All BVN customers are requierd to link there NIN to avoid account closure. Click bit.ly/bank-verify to avoid blockage.,1
Password change request for your FirstBank mobile app received. Use code 422722 to continue.,2
"Dear customer, you won 50,000 NGN in the GTBank promo. Send your OTP to 08020869822 to receive funds.",1
URGENT: Your Stanbic IBTC acount has bin restricted due to central bank regulatons. Pls login here to verify: bit.ly/bank-verify,1
"GTBank ALERT: CREDIT USD498,010.00 to OLAYINKA BAKARE Ref: 1855527 21-12-2026 Bal: USD1,018,698.00",0
"Your Moniepoint account profile was modified on 24-12-2026. If you did not make this change, visit u-b-a-portal.com",2
Password change request for your Access Bank mobile app received. Use code 202559 to continue.,2
"Notification: Your ***2324767 was credited with USD470,813.00 from KELECHI NWOSU. Bal: USD1,330,178.00",0
Alert: A new device MacBook Pro has been linked to your Fidelity Bank profile. Not you? Secure account at access-secure.net,2
"Account ***3694487 was accessed from a new device. If this was not you, please contact support or click bit.ly/bank-verify",2
Suspicious activity detected on your Moniepoint account. Your ATM has been blocked. Call 08027001447 to reactivate.,1
"Transaction Alert: CREDIT NGN161,316.00 on ***2644119 Date: 07-05-2026 Nar: USSD Transfer Bal: NGN1,364,356.00",0
Password change request for your Access Bank mobile app received. Use code 308378 to continue.,2
"Zenith Bank Alert [CREDIT: NGN412,084.00] 03-10-2026 ***9594666 Airtime Topup Bal:NGN1,973,309.00",0
Security Alert: Your Opay internet banking password was changed from Lagos. Contact us if not you.,2
Security Alert: Your Opay internet banking password was changed from London. Contact us if not you.,2
"Notification: Your ***1194770 was credited with USD460,348.00 from KELECHI NWOSU. Bal: USD407,894.00",0
"Acct: ***9224673 CREDIT: NGN317,074.00 Date: 03-04-2026 Bal: NGN849,798.00 USSD Transfer",0
"Debit: NGN137,638.00 | ***5434852 | 05-04-2026 | WEB/IB-TRF | Bal: NGN274,082.00",0
Notification: Login at 13:52 on MacBook Pro from Abuja. Not you? Click access-secure.net,2
Password change request for your GTBank mobile app received. Use code 989046 to continue.,2
Password change request for your Access Bank mobile app received. Use code 257397 to continue.,2
"Account ***8974527 was accessed from a new device. If this was not you, please contact support or click v-erify-bvn.ng",2
"You have a pending refund of USD6,653.00 from Opay. Provide your card details here to claim: bit.ly/bank-verify",1
"Notification: Your ***5974841 was credited with NGN347,145.00 from KELECHI NWOSU. Bal: NGN262,325.00",0
Alert: A new device Infinix Hot 10 has been linked to your Zenith Bank profile. Not you? Secure account at mybnk-update.top,2
"Transaction Alert: CREDIT USD306,143.00 on ***5254223 Date: 11-07-2026 Nar: WEB/IB-TRF Bal: USD1,529,266.00",0
"Your Moniepoint account profile was modified on 14-04-2026. If you did not make this change, visit access-secure.net",2
URGENT: Your FirstBank acount has bin restricted due to central bank regulatons. Pls login here to verify: mybnk-update.top,1
"Account ***5494391 was accessed from a new device. If this was not you, please contact support or click zenith-bank-login.com",2
"Account ***5994185 was accessed from a new device. If this was not you, please contact support or click zenith-bank-login.com",2
"Transaction Alert: DEBIT NGN421,339.00 on ***8254648 Date: 11-02-2026 Nar: NIP-TRANSFER Bal: NGN326,926.00",0
"You have a pending refund of NGN286,266.00 from Moniepoint. Provide your card details here to claim: bit.ly/bank-verify",1
"Transaction Alert: DEBIT USD329,767.00 on ***4704414 Date: 09-12-2026 Nar: NIP-TRANSFER Bal: USD1,855,571.00",0
"Zenith Bank Alert [CREDIT: NGN101,779.00] 09-11-2026 ***4084352 WEB/IB-TRF Bal:NGN760,254.00",0
"Your GTBank account profile was modified on 26-10-2026. If you did not make this change, visit access-secure.net",2
G-T-B-A-N-K Notification: Your mobile app session is expiring. Login to stay active: bit.ly/bank-verify,1
Alert: A new device Infinix Hot 10 has been linked to your Moniepoint profile. Not you? Secure account at tinyurl.com/bvn-update,2
"Transaction Alert: DEBIT NGN344,921.00 on ***3504289 Date: 05-04-2026 Nar: ATM WDL Bal: NGN776,410.00",0
Password change request for your FirstBank mobile app received. Use code 253955 to continue.,2
"Dear UBA User, suspicious transacion of NGN124,237.00 was noticed. If not you, cancel it here: u-b-a-portal.com",1
Notification: Login at 03:39 on Windows Desktop from Abuja. Not you? Click access-secure.net,2
"Alert: You recieved a reward of USD198,783.00 from GTB. Claim within 2hrs: zenith-bank-login.com",1
"Transaction Alert: CREDIT NGN377,312.00 on ***2864376 Date: 17-08-2026 Nar: POS/PURCHASE Bal: NGN1,364,332.00",0
Password change request for your Kuda mobile app received. Use code 603978 to continue.,2
Notification: Login at 21:04 on Samsung S21 from Abuja. Not you? Click v-erify-bvn.ng,2
"Alert: Your BVN validation failed. To avoid total account restriction, update at: access-secure.net",1
Cbn News: All BVN customers are requierd to link there NIN to avoid account closure. Click gtbank-online.xyz to avoid blockage.,1
Security Alert: Your Access Bank internet banking password was changed from Port Harcourt. Contact us if not you.,2
"Debit: NGN265,551.00 | ***5524475 | 06-02-2026 | ATM WDL | Bal: NGN452,391.00",0
"You have a pending refund of USD224,428.00 from Opay. Provide your card details here to claim: v-erify-bvn.ng",1
Urgent: Your UBA account has been suspended due to BVN irregularity. Click here to verify now: access-secure.net,1
"Dear customer, you won 50,000 NGN in the Fidelity Bank promo. Send your OTP to 08053391064 to receive funds.",1
Notification: Login at 20:45 on iPhone 13 from London. Not you? Click v-erify-bvn.ng,2
"Zenith Bank ALERT: CREDIT NGN133,481.00 to KELECHI NWOSU Ref: 3553378 09-07-2026 Bal: NGN634,484.00",0
"Your Moniepoint account profile was modified on 13-10-2026. If you did not make this change, visit gtbank-online.xyz",2
Suspicious activity detected on your Moniepoint account. Your ATM has been blocked. Call 08058454735 to reactivate.,1
"Dear Customer, your BVN will be deactivated in 24 hours. Follow this link to update your details: bit.ly/bank-verify",1
"Dear customer, you won 50,000 NGN in the Fidelity Bank promo. Send your OTP to 08071730678 to receive funds.",1
Cbn News: All BVN customers are requierd to link there NIN to avoid account closure. Click u-b-a-portal.com to avoid blockage.,1
Urgent: Your Zenith Bank account has been suspended due to BVN irregularity. Click here to verify now: bit.ly/bank-verify,1
Notification: Login at 08:40 on Infinix Hot 10 from Lekki. Not you? Click tinyurl.com/bvn-update,2
Password change request for your Moniepoint mobile app received. Use code 489197 to continue.,2
Security Alert: Your Stanbic IBTC internet banking password was changed from Dubai. Contact us if not you.,2
Urgent: Your GTBank account has been suspended due to BVN irregularity. Click here to verify now: mybnk-update.top,1
"You have a pending refund of USD473,326.00 from FirstBank. Provide your card details here to claim: mybnk-update.top",1
Security Alert: Your Opay internet banking password was changed from Port Harcourt. Contact us if not you.,2
"Acct: ***7054919 DEBIT: NGN393,505.00 Date: 25-03-2026 Bal: NGN412,550.00 Airtime Topup",0
G-T-B-A-N-K Notification: Your mobile app session is expiring. Login to stay active: zenith-bank-login.com,1
"Zenith Bank Alert [CREDIT: USD250,294.00] 22-10-2026 ***2694436 WEB/IB-TRF Bal:USD1,614,852.00",0
Cbn News: All BVN customers are requierd to link there NIN to avoid account closure. Click gtbank-online.xyz to avoid blockage.,1
Urgent: Your GTBank account has been suspended due to BVN irregularity. Click here to verify now: mybnk-update.top,1
"Dear Customer, your BVN will be deactivated in 24 hours. Follow this link to update your details: zenith-bank-login.com",1
"Zenith Bank Alert [CREDIT: NGN202,762.00] 08-04-2026 ***5894970 TRF-FROM Bal:NGN657,616.00",0
Security Alert: Your UBA internet banking password was changed from USA. Contact us if not you.,2
Password change request for your Kuda mobile app received. Use code 197777 to continue.,2
"Dear customer, you won 50,000 NGN in the Moniepoint promo. Send your OTP to 08074971040 to receive funds.",1
"Zenith Bank ALERT: CREDIT NGN460,210.00 to OLAYINKA BAKARE Ref: 9044147 11-05-2026 Bal: NGN220,500.00",0
Alert: A new device Tecno Spark has been linked to your Kuda profile. Not you? Secure account at mybnk-update.top,2
"Alert: Your BVN validation failed. To avoid total account restriction, update at: zenith-bank-login.com",1
"Dear customer, you won 50,000 NGN in the GTBank promo. Send your OTP to 08085094479 to receive funds.",1
"Acct: ***3334739 DEBIT: NGN296,073.00 Date: 21-07-2026 Bal: NGN1,135,675.00 POS/PURCHASE",0
"Your Zenith Bank account profile was modified on 13-10-2026. If you did not make this change, visit tinyurl.com/bvn-update",2
Password change request for your GTBank mobile app received. Use code 738347 to continue.,2
"Zenith Bank Alert [CREDIT: NGN285,256.00] 05-05-2026 ***4744318 NIP-TRANSFER Bal:NGN1,056,600.00",0
"Dear FirstBank User, suspicious transacion of USD249,339.00 was noticed. If not you, cancel it here: mybnk-update.top",1
"Dear Customer, your BVN will be deactivated in 24 hours. Follow this link to update your details: gtbank-online.xyz",1
"UBA Credit Alert: Acct: ***2324486 Amt: USD335,849.00 Date: 09-09-2026 Bal: USD568,540.00 Descr: USSD Transfer",0
"Account ***3374866 was accessed from a new device. If this was not you, please contact support or click access-secure.net",2
"Acct: ***1694955 CREDIT: USD245,155.00 Date: 18-12-2026 Bal: USD1,823,924.00 USSD Transfer",0
Alert: A new device Samsung S21 has been linked to your Moniepoint profile. Not you? Secure account at zenith-bank-login.com,2
"Transaction Alert: CREDIT USD257,733.00 on ***8394507 Date: 10-12-2026 Nar: NIP-TRANSFER Bal: USD1,052,852.00",0
Notification: Login at 07:36 on Infinix Hot 10 from Lekki. Not you? Click gtbank-online.xyz,2
"Alert: Your BVN validation failed. To avoid total account restriction, update at: bit.ly/bank-verify",1
"FirstBank ALERT: DEBIT NGN325,852.00 to MUSA BELLO Ref: 2385953 04-05-2026 Bal: NGN1,894,578.00",0
"Alert: Your BVN validation failed. To avoid total account restriction, update at: gtbank-online.xyz",1
"Notification: Your ***6774416 was credited with NGN138,155.00 from KELECHI NWOSU. Bal: NGN1,166,506.00",0
"Acct: ***4134128 DEBIT: USD114,993.00 Date: 21-08-2026 Bal: USD1,469,320.00 NIP-TRANSFER",0
"Zenith Bank Alert [CREDIT: NGN235,258.00] 16-09-2026 ***5574900 WEB/IB-TRF Bal:NGN1,988,466.00",0
G-T-B-A-N-K Notification: Your mobile app session is expiring. Login to stay active: tinyurl.com/bvn-update,1
Urgent: Your Access Bank account has been suspended due to BVN irregularity. Click here to verify now: access-secure.net,1
"Zenith Bank Alert [CREDIT: NGN372,780.00] 04-11-2026 ***3354572 USSD Transfer Bal:NGN990,431.00",0
"Notification: Your ***7364776 was credited with NGN216,748.00 from CHUKWUMA OKORO. Bal: NGN1,304,435.00",0
"You have a pending refund of USD345,220.00 from GTBank. Provide your card details here to claim: mybnk-update.top",1
"Alert: Your BVN validation failed. To avoid total account restriction, update at: gtbank-online.xyz",1
"Notification: Your ***5594312 was credited with NGN439,280.00 from CHUKWUMA OKORO. Bal: NGN4,829.00",0
Suspicious activity detected on your Opay account. Your ATM has been blocked. Call 08068319920 to reactivate.,1
"Transaction Alert: DEBIT NGN27,812.00 on ***1414378 Date: 17-12-2026 Nar: NIP-TRANSFER Bal: NGN1,906,520.00",0
"Dear GTBank User, suspicious transacion of USD454,698.00 was noticed. If not you, cancel it here: u-b-a-portal.com",1
"UBA Credit Alert: Acct: ***4844942 Amt: USD213,119.00 Date: 28-04-2026 Bal: USD267,003.00 Descr: USSD Transfer",0
"Account ***5124999 was accessed from a new device. If this was not you, please contact support or click gtbank-online.xyz",2
"UBA Credit Alert: Acct: ***3024882 Amt: USD435,001.00 Date: 17-07-2026 Bal: USD1,322,759.00 Descr: ATM WDL",0
Notification: Login at 05:24 on Tecno Spark from Port Harcourt. Not you? Click bit.ly/bank-verify,2
"Kuda ALERT: CREDIT NGN102,233.00 to CHUKWUMA OKORO Ref: 8559924 27-04-2026 Bal: NGN87,589.00",0
Notification: Login at 09:26 on MacBook Pro from Port Harcourt. Not you? Click tinyurl.com/bvn-update,2
Alert: A new device Windows Desktop has been linked to your Stanbic IBTC profile. Not you? Secure account at u-b-a-portal.com,2
"Account ***7244652 was accessed from a new device. If this was not you, please contact support or click u-b-a-portal.com",2
"Acct: ***2904832 CREDIT: NGN155,144.00 Date: 04-12-2026 Bal: NGN1,893,009.00 TRF-FROM",0
Security Alert: Your Moniepoint internet banking password was changed from USA. Contact us if not you.,2
Password change request for your Fidelity Bank mobile app received. Use code 218261 to continue.,2
Alert: A new device iPhone 13 has been linked to your Access Bank profile. Not you? Secure account at u-b-a-portal.com,2
"Debit: USD255,854.00 | ***8394323 | 25-10-2026 | Airtime Topup | Bal: USD1,549,847.00",0
"Zenith Bank Alert [CREDIT: USD457,439.00] 11-07-2026 ***5744308 USSD Transfer Bal:USD1,758,221.00",0
Password change request for your FirstBank mobile app received. Use code 338556 to continue.,2
"Dear Kuda User, suspicious transacion of USD16,575.00 was noticed. If not you, cancel it here: bit.ly/bank-verify",1
"Your Opay account profile was modified on 19-01-2026. If you did not make this change, visit v-erify-bvn.ng",2
URGENT: Your Opay acount has bin restricted due to central bank regulatons. Pls login here to verify: mybnk-update.top,1
"Zenith Bank Alert [CREDIT: NGN273,514.00] 07-12-2026 ***7974633 TRF-FROM Bal:NGN645,902.00",0
"UBA Credit Alert: Acct: ***4754908 Amt: USD225,473.00 Date: 11-03-2026 Bal: USD850,794.00 Descr: USSD Transfer",0
"UBA Credit Alert: Acct: ***9784841 Amt: USD172,951.00 Date: 13-08-2026 Bal: USD944,440.00 Descr: ATM WDL",0
"Your FirstBank account profile was modified on 05-07-2026. If you did not make this change, visit gtbank-online.xyz",2
"Transaction Alert: CREDIT NGN13,902.00 on ***1164355 Date: 16-08-2026 Nar: USSD Transfer Bal: NGN1,167,735.00",0
Security Alert: Your GTBank internet banking password was changed from Lekki. Contact us if not you.,2
"Notification: Your ***5354170 was credited with USD305,428.00 from KELECHI NWOSU. Bal: USD1,678,929.00",0
"Zenith Bank Alert [CREDIT: NGN324,685.00] 15-03-2026 ***9144938 TRF-FROM Bal:NGN964,221.00",0
Notification: Login at 16:58 on MacBook Pro from Port Harcourt. Not you? Click gtbank-online.xyz,2
"Notification: Your ***9934495 was credited with USD436,104.00 from KELECHI NWOSU. Bal: USD434,549.00",0
"Dear Customer, your BVN will be deactivated in 24 hours. Follow this link to update your details: access-secure.net",1
G-T-B-A-N-K Notification: Your mobile app session is expiring. Login to stay active: v-erify-bvn.ng,1
"UBA ALERT: CREDIT NGN50,443.00 to MUSA BELLO Ref: 6302774 22-11-2026 Bal: NGN232,496.00",0
Alert: A new device Windows Desktop has been linked to your Fidelity Bank profile. Not you? Secure account at tinyurl.com/bvn-update,2
"Zenith Bank Alert [CREDIT: USD463,061.00] 11-01-2026 ***7244845 NIP-TRANSFER Bal:USD1,659,960.00",0
Password change request for your Access Bank mobile app received. Use code 687733 to continue.,2
Security Alert: Your Zenith Bank internet banking password was changed from London. Contact us if not you.,2
Alert: A new device Samsung S21 has been linked to your Stanbic IBTC profile. Not you? Secure account at gtbank-online.xyz,2
"Acct: ***6054364 DEBIT: USD118,412.00 Date: 25-10-2026 Bal: USD318,048.00 ATM WDL",0
Urgent: Your Stanbic IBTC account has been suspended due to BVN irregularity. Click here to verify now: mybnk-update.top,1
Suspicious activity detected on your Access Bank account. Your ATM has been blocked. Call 08071295052 to reactivate.,1
Alert: A new device iPhone 13 has been linked to your Zenith Bank profile. Not you? Secure account at v-erify-bvn.ng,2
"UBA Credit Alert: Acct: ***6524476 Amt: NGN226,284.00 Date: 28-06-2026 Bal: NGN1,750,324.00 Descr: WEB/IB-TRF",0
"Dear Customer, your BVN will be deactivated in 24 hours. Follow this link to update your details: tinyurl.com/bvn-update",1
Notification: Login at 15:31 on Infinix Hot 10 from Lekki. Not you? Click u-b-a-portal.com,2
"Debit: NGN71,306.00 | ***6604260 | 17-08-2026 | POS/PURCHASE | Bal: NGN417,603.00",0
"Account ***3054195 was accessed from a new device. If this was not you, please contact support or click access-secure.net",2
Security Alert: Your UBA internet banking password was changed from USA. Contact us if not you.,2
"You have a pending refund of NGN477,689.00 from GTBank. Provide your card details here to claim: bit.ly/bank-verify",1
Alert: A new device Samsung S21 has been linked to your Stanbic IBTC profile. Not you? Secure account at gtbank-online.xyz,2
"Alert: Your BVN validation failed. To avoid total account restriction, update at: bit.ly/bank-verify",1
"Alert: You recieved a reward of NGN486,026.00 from GTB. Claim within 2hrs: v-erify-bvn.ng",1
"Dear Customer, your BVN will be deactivated in 24 hours. Follow this link to update your details: access-secure.net",1
Cbn News: All BVN customers are requierd to link there NIN to avoid account closure. Click u-b-a-portal.com to avoid blockage.,1
"Transaction Alert: CREDIT USD892.00 on ***1444580 Date: 27-12-2026 Nar: USSD Transfer Bal: USD1,716,310.00",0
"UBA Credit Alert: Acct: ***3474773 Amt: USD102,734.00 Date: 23-05-2026 Bal: USD1,676,406.00 Descr: WEB/IB-TRF",0
"Debit: NGN4,667.00 | ***2224463 | 21-06-2026 | USSD Transfer | Bal: NGN379,130.00",0
"Alert: You recieved a reward of USD30,286.00 from GTB. Claim within 2hrs: tinyurl.com/bvn-update",1
Alert: A new device Samsung S21 has been linked to your Zenith Bank profile. Not you? Secure account at mybnk-update.top,2
Suspicious activity detected on your Fidelity Bank account. Your ATM has been blocked. Call 08010068364 to reactivate.,1
Alert: A new device Windows Desktop has been linked to your Stanbic IBTC profile. Not you? Secure account at bit.ly/bank-verify,2
G-T-B-A-N-K Notification: Your mobile app session is expiring. Login to stay active: u-b-a-portal.com,1
"Dear customer, you won 50,000 NGN in the Kuda promo. Send your OTP to 08018155700 to receive funds.",1
"Transaction Alert: CREDIT NGN441,561.00 on ***9814128 Date: 16-08-2026 Nar: ATM WDL Bal: NGN670,721.00",0
"Your FirstBank account profile was modified on 11-07-2026. If you did not make this change, visit bit.ly/bank-verify",2
Security Alert: Your Stanbic IBTC internet banking password was changed from Lagos. Contact us if not you.,2
"Dear Zenith Bank User, suspicious transacion of USD160,499.00 was noticed. If not you, cancel it here: mybnk-update.top",1
"Account ***1254523 was accessed from a new device. If this was not you, please contact support or click access-secure.net",2
G-T-B-A-N-K Notification: Your mobile app session is expiring. Login to stay active: mybnk-update.top,1
"Notification: Your ***7334319 was credited with NGN97,123.00 from OLAYINKA BAKARE. Bal: NGN725,185.00",0
"Acct: ***8524258 DEBIT: USD21,251.00 Date: 14-11-2026 Bal: USD1,764,163.00 USSD Transfer",0
"Zenith Bank Alert [CREDIT: NGN231,923.00] 16-08-2026 ***2634442 POS/PURCHASE Bal:NGN907,487.00",0
"Notification: Your ***6104734 was credited with NGN405,439.00 from AMINA YUSUF. Bal: NGN1,555,327.00",0
Security Alert: Your Zenith Bank internet banking password was changed from Abuja. Contact us if not you.,2
Password change request for your UBA mobile app received. Use code 443518 to continue.,2
"Alert: Your BVN validation failed. To avoid total account restriction, update at: gtbank-online.xyz",1
URGENT: Your Zenith Bank acount has bin restricted due to central bank regulatons. Pls login here to verify: mybnk-update.top,1
"Zenith Bank Alert [CREDIT: USD99,441.00] 06-10-2026 ***4464542 USSD Transfer Bal:USD310,372.00",0
"Zenith Bank Alert [CREDIT: NGN289,137.00] 11-11-2026 ***3174790 NIP-TRANSFER Bal:NGN167,418.00",0
Password change request for your Zenith Bank mobile app received. Use code 651809 to continue.,2
"Acct: ***3684961 DEBIT: NGN213,518.00 Date: 05-08-2026 Bal: NGN1,400,466.00 Airtime Topup",0
"You have a pending refund of USD269,794.00 from Moniepoint. Provide your card details here to claim: gtbank-online.xyz",1
"Zenith Bank Alert [CREDIT: USD96,249.00] 22-04-2026 ***5474718 TRF-FROM Bal:USD132,915.00",0
Security Alert: Your Zenith Bank internet banking password was changed from Lekki. Contact us if not you.,2
"Notification: Your ***4954915 was credited with USD441,845.00 from CHUKWUMA OKORO. Bal: USD836,324.00",0
Security Alert: Your Zenith Bank internet banking password was changed from USA. Contact us if not you.,2
Password change request for your Access Bank mobile app received. Use code 421728 to continue.,2
Security Alert: Your GTBank internet banking password was changed from Port Harcourt. Contact us if not you.,2
"Alert: Your BVN validation failed. To avoid total account restriction, update at: v-erify-bvn.ng",1
"Alert: Your BVN validation failed. To avoid total account restriction, update at: v-erify-bvn.ng",1
Suspicious activity detected on your Stanbic IBTC account. Your ATM has been blocked. Call 08045716237 to reactivate.,1
"Transaction Alert: CREDIT NGN127,572.00 on ***7894607 Date: 14-10-2026 Nar: USSD Transfer Bal: NGN846,092.00",0
Alert: A new device Samsung S21 has been linked to your Access Bank profile. Not you? Secure account at mybnk-update.top,2
"Transaction Alert: CREDIT NGN84,808.00 on ***2134621 Date: 22-10-2026 Nar: POS/PURCHASE Bal: NGN43,589.00",0
Password change request for your Zenith Bank mobile app received. Use code 837064 to continue.,2
"UBA Credit Alert: Acct: ***1334971 Amt: NGN471,384.00 Date: 13-02-2026 Bal: NGN1,415,752.00 Descr: USSD Transfer",0
Security Alert: Your UBA internet banking password was changed from Port Harcourt. Contact us if not you.,2
"Debit: NGN232,788.00 | ***2944682 | 05-10-2026 | WEB/IB-TRF | Bal: NGN447,626.00",0
"Dear Fidelity Bank User, suspicious transacion of USD117,356.00 was noticed. If not you, cancel it here: access-secure.net",1
Alert: A new device Tecno Spark has been linked to your Moniepoint profile. Not you? Secure account at gtbank-online.xyz,2
"Alert: You recieved a reward of NGN225,754.00 from GTB. Claim within 2hrs: tinyurl.com/bvn-update",1
Alert: A new device Windows Desktop has been linked to your UBA profile. Not you? Secure account at access-secure.net,2
Notification: Login at 09:13 on Windows Desktop from Lagos. Not you? Click access-secure.net,2
"Account ***8174621 was accessed from a new device. If this was not you, please contact support or click bit.ly/bank-verify",2
"Notification: Your ***4374321 was credited with USD117,496.00 from CHUKWUMA OKORO. Bal: USD905,718.00",0
"Kuda ALERT: CREDIT USD258,713.00 to KELECHI NWOSU Ref: 3443717 09-05-2026 Bal: USD1,586,390.00",0
"Debit: USD342,919.00 | ***3534644 | 25-05-2026 | POS/PURCHASE | Bal: USD357,417.00",0
Password change request for your Kuda mobile app received. Use code 838657 to continue.,2
"UBA Credit Alert: Acct: ***6754686 Amt: NGN9,592.00 Date: 20-06-2026 Bal: NGN1,354,556.00 Descr: Airtime Topup",0
G-T-B-A-N-K Notification: Your mobile app session is expiring. Login to stay active: gtbank-online.xyz,1
"Transaction Alert: DEBIT NGN69,111.00 on ***8874378 Date: 22-02-2026 Nar: ATM WDL Bal: NGN853,937.00",0
Alert: A new device Windows Desktop has been linked to your GTBank profile. Not you? Secure account at v-erify-bvn.ng,2
"Your FirstBank account profile was modified on 20-05-2026. If you did not make this change, visit access-secure.net",2
Alert: A new device MacBook Pro has been linked to your Opay profile. Not you? Secure account at tinyurl.com/bvn-update,2
"UBA Credit Alert: Acct: ***7264906 Amt: NGN144,639.00 Date: 13-11-2026 Bal: NGN924,164.00 Descr: TRF-FROM",0
"Account ***5804720 was accessed from a new device. If this was not you, please contact support or click u-b-a-portal.com",2
"Zenith Bank Alert [CREDIT: NGN357,369.00] 05-11-2026 ***6914504 Airtime Topup Bal:NGN1,826,632.00",0
Password change request for your Opay mobile app received. Use code 368644 to continue.,2
Urgent: Your Moniepoint account has been suspended due to BVN irregularity. Click here to verify now: mybnk-update.top,1
Cbn News: All BVN customers are requierd to link there NIN to avoid account closure. Click mybnk-update.top to avoid blockage.,1
"Transaction Alert: DEBIT USD313,889.00 on ***7154259 Date: 25-11-2026 Nar: Airtime Topup Bal: USD1,885,443.00",0
"Zenith Bank Alert [CREDIT: NGN436,952.00] 27-10-2026 ***9364353 NIP-TRANSFER Bal:NGN753,612.00",0
"Zenith Bank Alert [CREDIT: NGN52,275.00] 13-03-2026 ***8764597 Airtime Topup Bal:NGN1,547,607.00",0
"You have a pending refund of USD156,941.00 from Fidelity Bank. Provide your card details here to claim: mybnk-update.top",1
G-T-B-A-N-K Notification: Your mobile app session is expiring. Login to stay active: gtbank-online.xyz,1
"Account ***1964819 was accessed from a new device. If this was not you, please contact support or click tinyurl.com/bvn-update",2
"Notification: Your ***7204790 was credited with NGN252,543.00 from OLAYINKA BAKARE. Bal: NGN1,777,157.00",0
Suspicious activity detected on your UBA account. Your ATM has been blocked. Call 08033389508 to reactivate.,1
"Alert: Your BVN validation failed. To avoid total account restriction, update at: tinyurl.com/bvn-update",1
"Zenith Bank Alert [CREDIT: USD308,321.00] 10-08-2026 ***5054345 TRF-FROM Bal:USD509,034.00",0
"Alert: Your BVN validation failed. To avoid total account restriction, update at: u-b-a-portal.com",1
"Your UBA account profile was modified on 26-10-2026. If you did not make this change, visit zenith-bank-login.com",2
"GTBank ALERT: CREDIT USD478,297.00 to MUSA BELLO Ref: 9455819 16-02-2026 Bal: USD121,976.00",0
"Alert: Your BVN validation failed. To avoid total account restriction, update at: gtbank-online.xyz",1
Alert: A new device Infinix Hot 10 has been linked to your GTBank profile. Not you? Secure account at zenith-bank-login.com,2
Notification: Login at 18:35 on Tecno Spark from London. Not you? Click v-erify-bvn.ng,2
